id,user_id,system_metrics,email,gender,ip_address
1,42,7.5.5,jlisamore0@usatoday.com,Male,231.36.118.91
2,84,1.4,fbertin1@homestead.com,Male,130.76.114.119
3,72,3.8,uyarr2@shutterfly.com,Female,143.35.6.242
4,10,5.8,kkearney3@tmall.com,Male,22.84.47.143
5,90,4.3,mparzis4@businesswire.com,Male,111.145.228.179
6,18,1.7.1,aleclaire5@twitpic.com,Genderfluid,249.227.141.254
7,24,0.87,acaitlin6@mayoclinic.com,Female,135.130.233.250
8,49,0.77,spentecust7@netscape.com,Female,68.81.178.168
9,39,9.1,wrediers8@altervista.org,Male,175.32.179.174
10,60,0.42,cingleton9@cocolog-nifty.com,Male,249.126.14.189
11,36,7.47,rbriancea@upenn.edu,Male,163.227.62.240
12,37,0.3.1,lcrierb@bluehost.com,Agender,27.8.160.139
13,29,0.28,nlassetterc@alexa.com,Male,23.103.195.236
14,93,0.45,sbegbied@oaic.gov.au,Male,238.19.119.140
15,73,4.11,mlowdyanee@mediafire.com,Female,152.7.130.45
16,55,3.6.8,akeeneyf@woothemes.com,Male,56.76.243.104
17,33,2.6,ahabbleg@google.com,Female,162.53.51.203
18,100,3.22,pmcindoeh@drupal.org,Male,49.111.219.120
19,89,3.86,bkinnanei@canalblog.com,Female,145.188.22.4
20,6,9.77,sbritneyj@ft.com,Genderfluid,94.127.29.40
21,8,3.4,emeccok@cyberchimps.com,Female,5.137.136.232
22,11,3.2.5,kondrusl@go.com,Non-binary,30.222.139.52
23,13,7.2,rmelmothm@kickstarter.com,Female,233.253.91.57
24,30,0.4.9,hjusten@seesaa.net,Bigender,225.112.72.95
25,21,3.5,tgilchristo@digg.com,Female,245.159.76.0
26,62,5.1.3,aabotsonp@plala.or.jp,Female,210.126.4.251
27,40,9.17,alicariq@nhs.uk,Male,77.0.177.119
28,82,3.8,rkeetonr@independent.co.uk,Female,71.7.141.182
29,59,0.4.3,kmaccafferkys@nasa.gov,Agender,234.192.56.93
30,3,7.8,ggorset@typepad.com,Male,49.89.211.175
31,74,0.54,wboldrau@ning.com,Genderfluid,178.148.143.80
32,3,8.4,mboatswainv@ucoz.com,Male,31.201.142.191
33,83,7.12,kgehringw@timesonline.co.uk,Female,65.13.195.100
34,61,4.81,lenterleinx@hc360.com,Female,8.99.183.220
35,6,7.52,dburnyatey@ihg.com,Male,204.33.168.48
36,70,4.12,shallanz@printfriendly.com,Male,42.239.123.79
37,74,2.36,wcolum10@miitbeian.gov.cn,Female,67.158.171.46
38,29,0.89,adahlgren11@soup.io,Male,201.26.161.168
39,35,0.8.3,lkiljan12@about.me,Male,238.63.198.55
40,65,0.91,sgoodie13@disqus.com,Male,164.226.248.173
41,63,6.95,mgrisewood14@xing.com,Female,195.9.163.62
42,78,8.3.8,cmcgonigal15@uol.com.br,Female,96.214.246.196
43,37,3.4.5,mrohlf16@cbsnews.com,Male,53.111.186.136
44,30,6.69,otee17@jimdo.com,Male,166.142.236.207
45,7,0.7.4,ialwood18@prweb.com,Male,103.24.153.210
46,72,5.7,fgaliford19@dell.com,Male,151.71.145.146
47,75,2.4.8,gphizakarley1a@bandcamp.com,Female,21.241.233.189
48,67,6.41,ashellsheere1b@google.es,Female,140.202.35.125
49,21,4.1,kwadge1c@w3.org,Male,226.138.13.58
50,53,7.6,ehuguet1d@diigo.com,Female,118.2.139.119
51,79,2.8.7,brawstorn1e@surveymonkey.com,Genderfluid,128.154.169.149
52,59,0.86,ciuorio1f@google.com.hk,Female,15.191.134.242
53,54,0.8.9,claurenzi1g@upenn.edu,Male,215.72.63.154
54,84,5.03,asommersett1h@delicious.com,Male,126.61.132.56
55,47,5.21,igrammer1i@npr.org,Female,75.9.130.204
56,20,6.8,fbeadles1j@independent.co.uk,Female,57.171.80.190
57,17,0.97,ieverill1k@uol.com.br,Female,245.139.191.252
58,82,3.53,ggedney1l@macromedia.com,Female,193.58.100.34
59,32,4.0,emancer1m@unesco.org,Male,33.217.16.89
60,93,0.10,lbatecok1n@theatlantic.com,Male,162.69.180.10
61,94,7.6.9,rbeastall1o@harvard.edu,Female,204.188.251.12
62,91,5.57,mmacharg1p@seesaa.net,Male,15.122.200.120
63,84,9.1,nfilyashin1q@freewebs.com,Male,79.98.116.114
64,50,0.46,apayne1r@cmu.edu,Female,92.62.117.250
65,54,0.48,tramsay1s@domainmarket.com,Female,75.59.168.133
66,32,4.5.0,fmarchi1t@techcrunch.com,Female,165.101.249.208
67,43,2.17,icrook1u@cyberchimps.com,Male,178.183.8.21
68,6,3.38,hgomby1v@tumblr.com,Female,179.86.209.214
69,82,0.86,brollingson1w@free.fr,Male,224.197.11.217
70,26,0.48,cbrotherton1x@ehow.com,Female,253.135.214.65
71,16,0.2.7,vtownby1y@cnbc.com,Female,35.234.131.152
72,67,2.2.6,cmactrustam1z@smh.com.au,Male,59.151.130.93
73,59,2.2.9,lpoultney20@tripadvisor.com,Non-binary,223.122.109.190
74,93,6.59,jkilshaw21@uol.com.br,Female,138.45.74.110
75,72,0.34,mlohering22@webs.com,Bigender,249.113.120.25
76,83,8.57,rbaukham23@parallels.com,Female,198.181.108.161
77,30,0.5.8,radanet24@cpanel.net,Male,8.124.145.124
78,37,0.9.8,ipiddick25@princeton.edu,Male,201.100.245.99
79,27,0.3.5,lfritchley26@hostgator.com,Male,42.159.81.35
80,29,0.7.4,manstead27@mayoclinic.com,Female,158.243.8.20
81,63,1.6,scurtayne28@examiner.com,Male,74.185.245.251
82,94,9.3.2,ksertin29@ocn.ne.jp,Male,254.11.105.90
83,87,9.0.4,emattingson2a@ovh.net,Female,161.90.211.49
84,91,0.36,cbraiden2b@eventbrite.com,Bigender,32.207.56.50
85,48,9.9.0,jbuick2c@auda.org.au,Female,174.10.173.108
86,4,0.33,orandal2d@plala.or.jp,Female,212.154.117.180
87,1,2.5.2,rgilberthorpe2e@nature.com,Female,60.195.151.165
88,13,0.4.4,stothe2f@chron.com,Female,58.68.111.94
89,73,0.1.3,csisselot2g@about.me,Male,79.180.187.81
90,22,0.3.9,atreagust2h@bloglovin.com,Female,188.252.108.27
91,69,2.5,eswinnard2i@mlb.com,Female,105.210.210.125
92,17,0.94,sduplock2j@lulu.com,Male,243.37.177.203
93,49,0.14,hconcannon2k@icq.com,Female,102.28.7.155
94,82,6.2,fmacinerney2l@tiny.cc,Female,125.140.113.39
95,16,3.11,jmatschke2m@unblog.fr,Female,123.155.213.164
96,57,6.08,pscourfield2n@slashdot.org,Male,134.40.67.64
97,27,6.0,hmartindale2o@usa.gov,Male,48.138.250.217
98,15,0.1.8,smacgebenay2p@examiner.com,Male,188.11.109.233
99,53,5.24,cwoolrich2q@thetimes.co.uk,Female,121.227.60.3
100,76,5.53,rclapson2r@illinois.edu,Male,156.44.255.50
101,71,5.5.5,bpetr2s@w3.org,Male,111.228.0.100
102,52,0.62,hnunson2t@arizona.edu,Female,201.15.107.226
103,55,0.8.1,ischuh2u@buzzfeed.com,Male,218.105.127.223
104,14,0.46,adumsday2v@hibu.com,Male,233.37.195.174
105,12,8.31,llomasna2w@virginia.edu,Female,116.64.178.144
106,62,8.9.8,wgrunguer2x@intel.com,Male,12.42.45.46
107,80,0.67,cbeneix2y@about.me,Non-binary,201.101.173.10
108,93,2.92,sendacott2z@wp.com,Male,201.7.128.0
109,96,0.12,lfairbrother30@tinypic.com,Female,136.86.219.5
110,33,4.6.0,oyarmouth31@zimbio.com,Male,87.151.4.14
111,64,4.0.3,qfarrans32@mashable.com,Female,130.101.22.242
112,66,6.27,tmurdy33@wp.com,Female,176.138.109.115
113,11,0.4.8,eselvester34@forbes.com,Female,178.207.221.196
114,95,3.76,pproudlock35@icio.us,Female,37.150.21.106
115,40,0.8.4,vmcramsey36@msn.com,Male,40.67.55.66
116,59,1.6,ntruman37@imdb.com,Male,214.161.71.72
117,89,3.0,jpammenter38@virginia.edu,Female,31.36.152.186
118,28,2.84,sbreton39@twitter.com,Male,171.103.114.210
119,20,0.14,rmichael3a@ed.gov,Male,6.60.98.64
120,45,5.7,mdemann3b@answers.com,Female,95.50.167.49
121,41,0.1.3,rrose3c@google.de,Male,84.71.174.163
122,13,0.8.1,hmisken3d@unicef.org,Male,166.191.213.219
123,61,4.7.4,ccarless3e@icio.us,Male,229.168.75.27
124,8,5.80,mpilger3f@irs.gov,Female,233.88.143.159
125,45,6.9.4,mwagon3g@slideshare.net,Male,13.123.232.65
126,25,8.9,rhallwood3h@fotki.com,Male,159.165.96.29
127,61,0.38,kgreedy3i@unicef.org,Agender,90.30.218.223
128,90,1.02,rroseblade3j@163.com,Male,90.53.27.142
129,16,5.1,wchampken3k@tiny.cc,Male,19.53.68.53
130,67,0.7.1,kscoines3l@apple.com,Male,175.222.190.196
131,1,0.96,sgatecliff3m@artisteer.com,Genderqueer,228.35.99.109
132,32,1.8.6,hkielt3n@tmall.com,Male,174.111.140.4
133,17,4.40,lmandre3o@pcworld.com,Female,162.152.217.51
134,88,5.8.7,bollivierre3p@goo.ne.jp,Bigender,91.161.140.189
135,23,3.91,bwoolway3q@mac.com,Male,197.28.60.176
136,30,6.68,lscothern3r@ibm.com,Female,72.206.78.133
137,58,5.7,htallant3s@elegantthemes.com,Female,141.23.130.48
138,42,4.30,cohaire3t@zimbio.com,Female,54.44.57.198
139,97,5.61,ilangstone3u@zdnet.com,Male,167.216.40.67
140,62,2.4,mcunnah3v@twitter.com,Male,255.160.213.134
141,21,1.9.5,dgaize3w@home.pl,Non-binary,224.211.250.117
142,11,9.0.5,ddaventry3x@mediafire.com,Male,75.165.83.84
143,33,7.2.8,fgarthland3y@upenn.edu,Female,230.131.10.82
144,82,0.43,drissom3z@scribd.com,Genderqueer,206.171.249.137
145,40,0.9.3,lstockley40@google.it,Genderqueer,161.234.143.67
146,10,8.1.9,ghawick41@slashdot.org,Male,50.128.66.73
147,77,0.17,tchatainier42@tiny.cc,Male,214.105.135.218
148,84,8.2,dvoss43@reuters.com,Female,243.134.250.97
149,100,0.87,gwindows44@nytimes.com,Male,15.242.184.216
150,92,5.4.3,hibert45@tuttocitta.it,Male,74.68.173.130
151,9,7.0,mjustham46@is.gd,Male,156.111.50.87
152,38,0.39,achatelain47@seattletimes.com,Male,170.163.143.68
153,14,0.73,llampens48@github.com,Male,234.165.197.251
154,87,7.6,pmowbury49@amazonaws.com,Female,158.238.1.251
155,12,0.33,jranscombe4a@typepad.com,Female,202.128.59.17
156,70,1.3.3,greyner4b@naver.com,Male,2.95.255.30
157,4,3.2.5,jbirch4c@stanford.edu,Male,136.173.66.45
158,41,2.0.6,mutridge4d@naver.com,Male,37.132.189.168
159,2,0.9.3,jmorfey4e@yolasite.com,Female,241.61.192.43
160,1,2.1.9,pcomelini4f@state.gov,Female,62.221.91.153
161,84,7.0,gmcgougan4g@4shared.com,Male,197.137.174.229
162,98,0.94,crubinek4h@yahoo.com,Male,214.149.250.155
163,3,1.3.2,stureville4i@ted.com,Male,50.217.161.189
164,83,0.11,pbrasted4j@wordpress.org,Male,188.220.100.75
165,13,7.9.4,dsandyfirth4k@senate.gov,Male,221.240.0.231
166,35,0.8.8,bgarrettson4l@answers.com,Female,194.135.127.163
167,68,0.16,jmurie4m@tripod.com,Male,0.139.76.230
168,9,5.10,mroxburch4n@prweb.com,Male,85.170.17.33
169,15,0.7.1,mide4o@technorati.com,Male,19.34.112.205
170,51,5.4.8,elittleton4p@oaic.gov.au,Genderfluid,235.251.103.143
171,33,0.86,alaybourne4q@bloglovin.com,Female,136.210.44.37
172,27,3.2.7,mdorsett4r@skype.com,Female,170.217.207.198
173,45,4.93,smidden4s@scientificamerican.com,Female,15.3.158.3
174,74,7.0,astaite4t@istockphoto.com,Female,166.144.242.150
175,91,0.6.0,blecornu4u@comsenz.com,Male,23.57.132.66
176,18,1.8,jcooney4v@europa.eu,Male,123.130.117.5
177,39,0.6.2,mspreadbury4w@comsenz.com,Genderfluid,125.116.29.21
178,71,3.4.3,mkohtler4x@behance.net,Female,30.83.81.5
179,67,9.4,sconboy4y@printfriendly.com,Male,62.174.55.239
180,65,5.9,ktempest4z@mit.edu,Female,114.241.180.35
181,30,0.2.1,acogzell50@icio.us,Male,218.92.161.225
182,88,3.0,cboatwright51@dmoz.org,Male,27.78.130.26
183,16,0.69,wyoungs52@fastcompany.com,Agender,28.214.103.151
184,47,6.37,goddey53@spotify.com,Female,191.177.25.49
185,52,0.6.7,ymoyle54@comsenz.com,Female,203.247.176.110
186,29,0.6.2,wgoodridge55@reuters.com,Male,138.116.126.11
187,98,8.4,hbisco56@goo.ne.jp,Female,141.250.23.126
188,45,7.31,lguidelli57@fda.gov,Male,185.228.125.180
189,80,0.3.7,nstudart58@europa.eu,Female,5.138.210.41
190,37,0.76,cstubbington59@ucoz.ru,Male,193.42.95.19
191,8,7.37,esparling5a@weather.com,Male,147.196.12.230
192,30,1.8.3,lohare5b@nytimes.com,Male,3.65.235.118
193,78,0.94,jlightbowne5c@answers.com,Male,61.117.190.221
194,26,0.86,mcrigin5d@simplemachines.org,Female,75.40.58.86
195,76,2.5,lkaliszewski5e@miitbeian.gov.cn,Male,239.156.236.245
196,75,0.6.9,whexham5f@nsw.gov.au,Male,140.41.219.202
197,29,6.4.4,tlovelace5g@amazonaws.com,Male,186.221.142.168
198,19,0.88,khestrop5h@angelfire.com,Female,145.19.8.21
199,93,6.9,mbartkiewicz5i@columbia.edu,Male,7.56.52.0
200,2,6.6.2,tconnerry5j@sphinn.com,Male,131.167.226.142
201,48,2.19,cbentje5k@about.com,Male,168.191.71.67
202,50,0.47,ojakes5l@stanford.edu,Female,139.106.176.204
203,6,8.7,jorme5m@fda.gov,Male,168.5.113.131
204,20,8.3.5,bbromwich5n@paypal.com,Male,129.77.224.190
205,27,0.2.9,qputland5o@gnu.org,Female,87.0.240.153
206,55,8.7.6,gmathison5p@arstechnica.com,Female,151.248.170.22
207,91,4.1,lotoole5q@howstuffworks.com,Female,0.115.162.8
208,67,0.42,pmackibbon5r@mashable.com,Female,77.229.249.189
209,40,0.7.4,mtorres5s@phoca.cz,Female,219.29.145.57
210,66,0.78,pgatheral5t@360.cn,Male,1.191.18.231
211,77,0.40,ccorson5u@cam.ac.uk,Female,85.10.108.185
212,57,3.7.6,sconradsen5v@quantcast.com,Female,205.244.237.175
213,14,3.14,clesarr5w@aboutads.info,Female,247.144.42.20
214,36,0.98,emcdiarmid5x@epa.gov,Female,48.214.241.200
215,59,4.9,ocornilli5y@topsy.com,Female,205.171.177.202
216,21,0.1.7,enare5z@google.ca,Female,187.134.153.164
217,92,5.4,lscrivinor60@economist.com,Female,103.80.53.52
218,47,0.36,hfieldsend61@imageshack.us,Male,86.58.32.252
219,94,2.3.3,eriha62@google.ca,Agender,48.213.123.173
220,62,9.84,pdesquesnes63@zimbio.com,Female,195.188.186.191
221,43,4.3.1,bklageman64@usa.gov,Male,191.146.165.177
222,95,0.8.3,dhammerson65@java.com,Female,12.3.145.64
223,53,2.19,ncressor66@dagondesign.com,Female,185.196.35.84
224,85,6.83,jsirey67@house.gov,Bigender,44.128.164.73
225,56,5.56,rbumpus68@engadget.com,Male,164.165.94.141
226,45,7.6,gwehner69@wordpress.com,Male,139.188.131.126
227,96,0.20,bavrahamov6a@dot.gov,Female,143.50.87.114
228,100,0.4.9,bschapiro6b@fda.gov,Female,88.221.219.96
229,19,6.1,obrooker6c@behance.net,Female,40.16.39.19
230,73,1.9.6,ckennedy6d@unesco.org,Female,223.61.121.85
231,3,0.2.5,mhagerty6e@networksolutions.com,Male,229.101.146.210
232,66,9.63,nionesco6f@photobucket.com,Female,40.47.9.136
233,11,5.4,djulian6g@boston.com,Male,121.180.137.231
234,40,0.2.6,dmilksop6h@discuz.net,Female,63.59.10.231
235,89,0.2.6,dmolesworth6i@house.gov,Agender,160.109.34.217
236,2,0.6.2,cbernardon6j@yahoo.com,Female,15.94.3.46
237,22,0.6.1,mgillman6k@goodreads.com,Male,13.180.46.187
238,35,0.5.0,wburnapp6l@networkadvertising.org,Female,63.185.98.117
239,77,0.5.8,mprichard6m@arstechnica.com,Male,29.64.123.69
240,51,0.31,ebehninck6n@whitehouse.gov,Female,251.210.10.97
241,23,6.60,fdalli6o@independent.co.uk,Male,103.191.218.102
242,80,2.57,cclaesens6p@constantcontact.com,Male,239.248.106.208
243,32,0.8.3,smccrea6q@topsy.com,Female,176.83.224.153
244,79,3.8.0,gstockbridge6r@furl.net,Male,233.58.115.250
245,30,0.5.0,tdelayglesias6s@ustream.tv,Female,60.72.0.53
246,98,0.10,mmcguiney6t@apache.org,Female,210.11.24.48
247,44,0.6.8,asudddard6u@engadget.com,Male,70.179.146.71
248,50,0.88,dleverington6v@51.la,Female,244.110.87.129
249,92,4.3.4,hwilley6w@hc360.com,Male,72.17.251.51
250,75,3.20,lmuggleston6x@hexun.com,Male,125.204.247.71
251,41,5.2.3,tgirodon6y@miibeian.gov.cn,Male,104.240.218.194
252,33,1.5.9,mcopes6z@rambler.ru,Female,78.147.137.235
253,25,0.2.2,spiller70@house.gov,Female,252.253.89.134
254,5,0.94,mdooley71@narod.ru,Male,146.150.25.82
255,63,0.1.6,hiiannone72@posterous.com,Male,27.197.191.253
256,45,2.8.5,mneilly73@sina.com.cn,Female,83.231.174.132
257,22,3.8.7,dlainge74@discuz.net,Male,39.30.4.73
258,72,0.69,gwodham75@jigsy.com,Male,27.109.0.34
259,2,0.70,keasterfield76@bbc.co.uk,Female,175.34.95.160
260,71,6.82,csclanders77@shinystat.com,Bigender,8.247.234.150
261,99,0.5.6,jumpleby78@google.com,Agender,227.55.118.152
262,43,9.7.7,rbingle79@economist.com,Female,75.217.236.106
263,37,3.49,rgalgey7a@ameblo.jp,Female,219.172.29.102
264,18,7.4,ogreenrde7b@smh.com.au,Female,250.129.237.124
265,31,2.7,ndregan7c@booking.com,Male,231.48.255.197
266,24,0.17,mdavie7d@aol.com,Male,138.152.4.150
267,69,0.67,lmoston7e@goo.gl,Male,121.175.14.135
268,93,5.6.3,lbrouwer7f@msn.com,Male,25.162.249.99
269,8,6.8.1,ehedger7g@washingtonpost.com,Female,185.241.225.195
270,36,0.96,lbeach7h@weibo.com,Female,203.104.25.2
271,4,0.8.9,pwoollam7i@wikipedia.org,Female,134.79.31.36
272,21,0.45,lleverich7j@wikimedia.org,Male,75.96.235.48
273,85,5.34,bmorehall7k@php.net,Female,70.83.142.14
274,54,4.0,dquade7l@ca.gov,Female,131.254.209.23
275,60,5.3,aclubley7m@studiopress.com,Non-binary,198.158.201.225
276,19,0.75,mduffet7n@lycos.com,Female,215.66.236.182
277,86,0.2.5,gdominguez7o@cnet.com,Genderqueer,136.84.238.115
278,57,3.3.1,aaspital7p@soundcloud.com,Male,54.179.244.131
279,53,2.9,lcoxon7q@marketwatch.com,Female,100.187.42.3
280,78,9.00,tlineen7r@fotki.com,Polygender,25.75.218.97
281,94,6.0.1,bhaselhurst7s@blogspot.com,Bigender,179.125.125.30
282,84,9.3.2,rchambers7t@craigslist.org,Female,137.180.168.241
283,1,2.07,sgurg7u@uol.com.br,Non-binary,228.98.131.147
284,27,5.55,jpetkens7v@usgs.gov,Genderfluid,219.155.2.32
285,25,1.67,sminthorpe7w@a8.net,Bigender,17.43.95.34
286,13,7.69,lmccook7x@latimes.com,Male,250.1.167.190
287,24,0.44,ckimmitt7y@is.gd,Male,98.92.24.197
288,29,0.3.1,cstaynes7z@wp.com,Male,83.124.65.203
289,14,6.6.0,vheadrick80@feedburner.com,Female,230.170.251.219
290,66,3.63,mbedlington81@ox.ac.uk,Male,214.19.123.225
291,49,7.4.5,aramsdale82@japanpost.jp,Female,128.192.81.86
292,63,9.2,jeatock83@wufoo.com,Female,162.251.253.244
293,91,6.6.5,smarr84@cafepress.com,Male,83.211.238.79
294,100,0.1.2,jgingle85@cbsnews.com,Male,180.127.134.242
295,28,3.7.5,hbeggio86@hatena.ne.jp,Female,237.222.56.245
296,21,6.02,hbettenson87@pbs.org,Female,78.10.186.13
297,35,0.25,tpeert88@amazon.co.uk,Polygender,198.106.11.80
298,48,8.21,sstephen89@nature.com,Male,212.29.243.161
299,72,0.8.8,nmazin8a@tripadvisor.com,Genderqueer,68.150.3.37
300,31,6.8.3,wturmell8b@chronoengine.com,Polygender,203.37.116.236
301,61,3.8,rskitch8c@pagesperso-orange.fr,Male,212.114.86.92
302,99,5.16,bsterricks8d@bandcamp.com,Female,201.97.212.63
303,54,3.1.1,llomas8e@bloomberg.com,Female,60.215.249.116
304,82,0.72,awidmoor8f@huffingtonpost.com,Male,197.144.23.12
305,56,6.5.5,msullly8g@timesonline.co.uk,Female,94.136.231.16
306,45,0.7.3,rheppenspall8h@addthis.com,Male,217.75.212.209
307,60,4.0.3,btattersfield8i@cmu.edu,Bigender,171.156.101.165
308,47,7.8.3,jwadman8j@toplist.cz,Male,125.31.115.67
309,32,3.8.3,fyeldham8k@phpbb.com,Male,193.16.164.150
310,74,0.3.9,jmelonby8l@goo.ne.jp,Female,1.163.170.65
311,1,0.5.6,jsiney8m@earthlink.net,Female,202.155.107.114
312,82,0.95,bgodspede8n@cpanel.net,Female,95.6.19.62
313,64,9.1.1,ychastelain8o@geocities.com,Female,199.36.10.173
314,35,7.1.0,kkendell8p@mac.com,Female,157.29.228.140
315,9,0.20,vmattingly8q@ftc.gov,Female,71.229.127.52
316,26,1.97,ajanes8r@unesco.org,Male,79.0.214.203
317,51,0.93,feke8s@dmoz.org,Female,149.128.202.61
318,22,6.50,adeakes8t@diigo.com,Male,2.81.77.99
319,53,2.6,agrimm8u@purevolume.com,Female,119.106.174.182
320,17,8.02,lcisson8v@cnbc.com,Male,57.28.212.198
321,23,5.8,lsalsbury8w@ow.ly,Female,136.49.46.197
322,93,3.0.1,ralfonso8x@netlog.com,Female,8.107.137.34
323,15,7.9.9,aandersson8y@dmoz.org,Female,101.17.232.149
324,7,0.23,gaveyard8z@mit.edu,Male,129.131.144.67
325,2,6.1,vsainsbury90@creativecommons.org,Male,127.99.13.29
326,89,9.2,crowlson91@shinystat.com,Female,63.67.108.177
327,30,6.62,vhirtzmann92@berkeley.edu,Male,225.46.213.237
328,45,4.7.0,msulman93@feedburner.com,Male,101.149.224.170
329,91,1.2.6,asnoddon94@edublogs.org,Male,252.74.134.182
330,97,0.2.5,mcromly95@kickstarter.com,Male,83.100.139.142
331,74,7.1,mtrembley96@bluehost.com,Female,136.152.15.136
332,11,9.37,glaxtonne97@imdb.com,Female,153.138.249.95
333,73,2.44,tpaffot98@nature.com,Female,176.229.177.70
334,50,8.66,sciccotto99@dot.gov,Male,43.232.162.178
335,57,0.3.7,sdenver9a@webeden.co.uk,Male,212.116.239.147
336,37,3.2,calltimes9b@mysql.com,Female,225.199.212.47
337,54,8.9,vkunes9c@artisteer.com,Male,36.142.50.123
338,90,0.87,rhaslin9d@networksolutions.com,Genderfluid,65.223.101.11
339,13,8.2.4,galvares9e@smugmug.com,Male,178.26.185.197
340,5,0.40,cdanels9f@ustream.tv,Male,31.162.196.39
341,44,0.47,moldland9g@google.cn,Male,190.26.66.242
342,17,0.6.9,rgroarty9h@youtube.com,Male,254.139.92.136
343,10,8.47,hsteinor9i@netvibes.com,Male,96.162.149.92
344,60,6.42,iminkin9j@163.com,Female,18.124.82.18
345,88,1.37,nconring9k@icio.us,Female,208.40.183.171
346,18,0.32,ebrunstan9l@ft.com,Male,148.16.227.32
347,39,7.9.0,dlynnitt9m@nih.gov,Female,46.25.183.170
348,22,7.9.9,swickendon9n@dagondesign.com,Male,178.114.220.9
349,40,9.0,rmalbon9o@i2i.jp,Male,164.120.220.174
350,27,0.1.0,dboarer9p@t-online.de,Male,78.217.254.127
351,21,0.3.3,dhandaside9q@spotify.com,Female,140.193.226.50
352,70,0.46,hclampett9r@ucla.edu,Female,123.237.165.127
353,29,7.9.4,mdancer9s@taobao.com,Female,14.46.125.107
354,36,0.3.1,kcullrford9t@wired.com,Female,200.85.133.83
355,20,0.9.7,bgooke9u@webnode.com,Male,5.7.73.66
356,49,0.57,bedmenson9v@youtu.be,Male,20.204.55.222
357,2,8.7,hranyell9w@guardian.co.uk,Female,107.227.113.207
358,64,6.6,rbiffin9x@yolasite.com,Female,187.34.226.20
359,31,3.7.1,jantonchik9y@discovery.com,Genderfluid,83.60.65.77
360,52,5.73,dclawe9z@example.com,Male,208.68.127.117
361,6,7.7,idelabarrea0@sciencedirect.com,Male,202.67.240.191
362,44,0.7.3,sgwinnela1@hp.com,Male,117.88.47.209
363,33,5.2.0,lmcilmorowa2@earthlink.net,Female,244.197.135.136
364,66,0.61,cblakesleea3@studiopress.com,Agender,230.102.191.168
365,7,1.7.1,ddenysa4@tamu.edu,Female,234.114.204.72
366,81,4.4.3,abirleya5@wp.com,Female,89.225.161.58
367,61,2.95,gcohra6@theatlantic.com,Male,247.74.145.16
368,96,0.59,sbacchusa7@theguardian.com,Male,154.186.226.210
369,53,7.52,raitkena8@tmall.com,Male,56.193.43.225
370,99,0.4.0,hsteanea9@mozilla.org,Female,238.86.53.219
371,68,0.1.6,dcallabyaa@hostgator.com,Female,203.239.17.146
372,65,5.2,gknaggsab@discuz.net,Female,17.246.11.114
373,5,0.9.3,jallingtonac@acquirethisname.com,Female,65.216.131.168
374,77,0.13,atarttad@ocn.ne.jp,Genderqueer,30.113.66.93
375,73,0.15,ckelbieae@themeforest.net,Male,227.158.73.80
376,54,0.29,gmaffinaf@privacy.gov.au,Female,212.80.22.118
377,68,8.32,cwhetnellag@phpbb.com,Male,57.68.210.92
378,98,7.5.2,steatherah@china.com.cn,Female,99.125.113.62
379,86,6.7,abrasonai@a8.net,Male,71.69.19.172
380,35,0.8.6,btumbridgeaj@arstechnica.com,Non-binary,62.128.255.136
381,31,6.8.1,bmalenoirak@flickr.com,Male,198.89.51.211
382,58,8.8.6,pdenleyal@howstuffworks.com,Genderfluid,171.19.21.135
383,6,0.9.8,lcarraneam@indiegogo.com,Male,9.131.104.103
384,19,2.3,hklulisekan@squidoo.com,Female,135.204.198.178
385,74,0.63,hwebermannao@weebly.com,Male,175.54.242.72
386,47,8.9.0,bfreeap@usa.gov,Male,91.94.5.194
387,55,0.31,jtipperaq@harvard.edu,Bigender,20.182.146.169
388,63,3.0.3,fgodardar@nyu.edu,Male,176.30.179.123
389,28,5.7.7,dconditas@utexas.edu,Female,123.107.15.118
390,39,3.47,jizakat@pinterest.com,Bigender,68.227.154.244
391,8,0.24,pwatsamau@virginia.edu,Male,169.48.137.206
392,25,1.90,npeirsonav@google.de,Male,157.92.239.244
393,4,0.1.0,bguilfoyleaw@livejournal.com,Female,14.101.129.87
394,76,1.95,craffeortyax@elegantthemes.com,Female,136.153.97.102
395,20,4.2,mblodgay@woothemes.com,Male,177.125.43.195
396,70,0.37,ccumbersaz@networkadvertising.org,Bigender,181.74.245.139
397,51,0.71,pabramchikb0@hao123.com,Male,74.140.192.244
398,41,6.65,bbramptonb1@addthis.com,Male,159.233.115.241
399,33,9.5,mheadinghamb2@geocities.jp,Male,196.54.37.233
400,42,3.7.3,kazamb3@seesaa.net,Male,60.26.65.219
401,11,0.97,bsonnerb4@geocities.com,Male,3.224.36.78
402,69,0.36,mjigginsb5@google.ca,Female,119.13.170.13
403,44,2.7,tocahillb6@g.co,Female,162.153.54.133
404,55,7.30,cdavisonb7@godaddy.com,Male,103.43.177.29
405,76,5.0,eminshallb8@mac.com,Female,91.230.242.238
406,70,5.2,ltopazb9@wp.com,Female,142.65.207.8
407,81,6.1,wbarthrupba@abc.net.au,Male,9.71.242.131
408,32,0.4.4,rmacgillivraybb@over-blog.com,Female,56.68.4.173
409,19,0.2.2,vmorenobc@flavors.me,Male,223.193.215.201
410,51,3.9,gridpathbd@shop-pro.jp,Female,123.187.76.126
411,9,0.46,bcorcoranbe@sogou.com,Female,148.156.168.73
412,39,5.81,darcasebf@yandex.ru,Female,21.160.207.97
413,99,0.7.9,mjovovicbg@odnoklassniki.ru,Male,153.40.132.176
414,85,0.24,tnoonbh@hexun.com,Female,69.221.166.138
415,23,2.86,vmarczykbi@archive.org,Male,232.145.202.221
416,64,0.9.6,fbassettbj@acquirethisname.com,Male,61.185.55.44
417,40,0.12,fkinceybk@cargocollective.com,Male,80.218.204.0
418,17,7.3.4,hclelandbl@google.pl,Male,222.11.221.225
419,46,7.35,inettlesbm@amazon.co.jp,Male,134.198.100.154
420,45,1.77,mklewibn@arizona.edu,Female,207.132.121.10
421,50,7.56,tunthankbo@networksolutions.com,Female,148.24.44.186
422,8,4.85,amemorybp@facebook.com,Male,207.162.244.143
423,2,8.2.4,ssizzeybq@kickstarter.com,Female,193.61.155.195
424,96,0.66,gmacknessbr@nih.gov,Female,129.227.120.48
425,68,0.13,lparellbs@google.cn,Male,251.248.178.24
426,66,3.7.7,acranmerebt@phpbb.com,Female,65.210.75.142
427,58,5.6,mandryuninbu@yellowbook.com,Female,26.96.103.239
428,14,3.78,shedgesbv@php.net,Female,94.131.235.135
429,31,7.0.6,lnardonibw@goo.ne.jp,Female,134.136.194.222
430,86,8.3.5,ringmanbx@ihg.com,Female,133.133.48.26
431,98,2.6,wforstby@123-reg.co.uk,Male,58.67.19.44
432,90,0.93,mcotgravebz@fc2.com,Female,3.155.180.9
433,63,0.67,bfoulshamc0@webnode.com,Male,175.173.109.218
434,28,0.1.8,nphilippardc1@gravatar.com,Female,126.163.248.19
435,69,2.8.6,chamerc2@360.cn,Female,214.43.230.64
436,87,0.6.4,bheiningc3@dmoz.org,Female,54.128.122.179
437,44,0.7.3,mcarringtonc4@arstechnica.com,Female,114.21.139.30
438,100,5.2.0,tcolloffc5@stanford.edu,Male,1.208.108.71
439,89,8.2.0,ikoenenc6@friendfeed.com,Female,39.68.58.249
440,59,3.8,xmadrellc7@reddit.com,Female,100.1.40.111
441,58,0.35,czamboniaric8@wix.com,Non-binary,78.100.228.137
442,86,9.3,jensleyc9@si.edu,Female,229.9.157.128
443,28,0.6.4,hlaphornca@rakuten.co.jp,Male,109.165.66.50
444,42,5.9.7,pkuhntcb@icio.us,Male,137.200.6.219
445,84,3.1.6,nmarlecc@imageshack.us,Female,228.161.193.207
446,88,1.0,dadamskycd@diigo.com,Male,247.48.77.102
447,15,3.1.4,tbonickce@nsw.gov.au,Male,47.135.143.18
448,31,0.7.5,tmckelviecf@ifeng.com,Female,235.234.214.151
449,55,3.5.0,jcreamencg@ameblo.jp,Male,245.195.152.0
450,97,5.36,ehowroydch@edublogs.org,Male,212.116.90.12
451,54,8.66,plangelaanci@skype.com,Female,106.33.88.144
452,19,7.2.7,gtowlecj@epa.gov,Female,81.26.101.47
453,50,0.84,hnormanck@wisc.edu,Male,138.173.8.86
454,98,3.3.9,elapadulacl@irs.gov,Female,251.119.94.97
455,76,6.9.1,nblowingcm@goo.gl,Male,19.225.22.247
456,81,0.9.1,aagostinicn@bloomberg.com,Female,233.48.167.24
457,14,7.7,vrabsonco@delicious.com,Female,107.250.90.98
458,3,0.27,kblacklercp@people.com.cn,Female,6.24.13.110
459,70,3.70,adopplercq@loc.gov,Male,77.108.187.221
460,1,1.5,mneildcr@army.mil,Male,204.170.2.158
461,94,7.68,hdyballcs@drupal.org,Male,137.87.54.131
462,61,3.10,asilleyct@chronoengine.com,Male,181.156.190.180
463,30,8.7,lcawkwellcu@fastcompany.com,Female,247.44.222.106
464,99,0.66,gbirdwhistlecv@ow.ly,Male,28.142.115.94
465,21,0.41,ltiescw@senate.gov,Male,172.51.105.83
466,95,5.1,wnottingamcx@meetup.com,Female,134.194.147.103
467,58,5.4.0,cbraxtoncy@wordpress.com,Female,151.248.246.220
468,22,3.22,cgarmancz@ycombinator.com,Male,217.222.71.8
469,85,0.59,bbrachd0@miibeian.gov.cn,Male,107.121.232.55
470,31,0.55,nmoroneyd1@rambler.ru,Agender,161.138.182.238
471,6,0.95,nfernantd2@delicious.com,Female,231.37.197.132
472,17,3.3.5,rdencsd3@over-blog.com,Agender,232.26.213.253
473,74,1.0,pcluesd4@tuttocitta.it,Female,142.104.99.188
474,59,0.2.2,etilbyd5@dot.gov,Female,142.19.127.19
475,63,0.9.3,mriseleyd6@hao123.com,Male,16.234.1.233
476,10,4.85,ayanshonokd7@slate.com,Female,39.1.251.189
477,8,8.00,lmawsond8@bigcartel.com,Female,220.33.22.75
478,87,2.51,ntoffanellid9@umich.edu,Female,113.61.0.37
479,25,0.1.7,dholywellda@senate.gov,Male,204.224.13.170
480,60,2.09,dhefnerdb@hp.com,Male,63.142.155.18
481,50,7.31,cerridgedc@telegraph.co.uk,Male,190.164.72.171
482,2,0.44,tgrasondd@bluehost.com,Male,241.87.55.215
483,80,0.9.7,afitzackerleyde@drupal.org,Female,36.240.169.181
484,18,6.3.6,taclanddf@gmpg.org,Male,149.47.83.21
485,96,0.3.9,sfreshwaterdg@accuweather.com,Genderfluid,192.147.236.205
486,40,0.4.7,lwalduckdh@booking.com,Male,11.96.19.174
487,44,7.7.8,klaurenzdi@sogou.com,Male,125.20.56.85
488,82,3.4,fwapplesdj@skype.com,Male,79.241.150.5
489,67,4.0.3,tgooderridgedk@i2i.jp,Male,136.95.44.69
490,16,5.64,vshellsheardl@buzzfeed.com,Polygender,250.199.14.57
491,38,5.50,mgalbreathdm@vistaprint.com,Male,91.201.90.203
492,5,3.9,rmullinerdn@google.nl,Female,110.252.16.216
493,93,0.6.8,tkidsleydo@epa.gov,Male,254.206.208.28
494,81,0.6.0,acopsondp@edublogs.org,Male,24.237.161.116
495,42,9.33,ddelorenzodq@sohu.com,Female,26.18.83.61
496,20,0.66,kgollingdr@blogs.com,Male,32.128.73.225
497,18,9.0,fbethelds@reuters.com,Male,59.97.202.237
498,97,0.2.9,gkeenleysidedt@amazon.co.uk,Female,141.233.226.227
499,20,0.28,ddamarelldu@toplist.cz,Male,115.101.148.191
500,87,0.97,triccidv@amazon.com,Female,114.62.156.103
501,73,9.4.4,bdaceydw@columbia.edu,Male,47.37.226.229
502,30,3.7,scristofolinidx@yahoo.co.jp,Female,90.32.100.81
503,2,0.49,efinkdy@jimdo.com,Female,247.90.46.58
504,93,0.1.9,rmayhowdz@xrea.com,Male,0.128.178.151
505,13,7.1,jvoyseye0@exblog.jp,Non-binary,22.192.247.123
506,81,0.2.5,sabaroughe1@163.com,Male,254.94.64.63
507,29,0.6.2,dmateue2@msn.com,Female,251.235.239.236
508,6,7.48,spierse3@bloomberg.com,Agender,71.245.183.39
509,92,6.9.9,awippere4@yahoo.co.jp,Male,116.144.138.190
510,49,4.4.4,zwhisselle5@go.com,Male,155.120.49.139
511,41,0.2.6,cgrigorinie6@engadget.com,Female,202.239.94.123
512,23,0.96,afeavere7@a8.net,Female,31.60.155.248
513,38,2.0,ccaltune8@mozilla.com,Female,73.10.164.53
514,57,0.81,mcliffee9@hostgator.com,Male,212.133.55.137
515,79,0.2.8,smackilpatrickea@uiuc.edu,Male,190.117.127.107
516,63,9.9.4,dwarrilloweb@thetimes.co.uk,Female,99.230.251.232
517,86,0.81,ithornewellec@meetup.com,Female,48.61.39.160
518,69,0.8.5,bkalisched@hao123.com,Female,103.121.161.29
519,44,5.9.4,cmcenteeee@domainmarket.com,Female,54.27.184.220
520,51,2.9.4,amendelef@mit.edu,Genderqueer,213.208.82.57
521,36,0.52,erichardeseg@buzzfeed.com,Female,213.74.8.237
522,14,0.12,ituddalleh@sbwire.com,Female,238.165.241.244
523,58,0.9.4,yduranteei@webnode.com,Female,166.133.88.142
524,35,4.3,bolyfantej@archive.org,Female,204.233.129.37
525,42,0.2.4,lrasellesek@drupal.org,Female,52.161.28.143
526,12,0.69,kfontelel@omniture.com,Female,161.134.42.54
527,10,2.1.1,emurleyem@nature.com,Male,217.33.203.75
528,52,9.2,yschaferen@smh.com.au,Male,136.1.220.131
529,55,6.9,tackerseo@liveinternet.ru,Male,110.172.235.113
530,61,0.46,pkearnep@usnews.com,Male,27.34.0.81
531,1,9.13,hbarhimseq@exblog.jp,Male,156.244.77.166
532,17,0.37,rvondryser@pen.io,Male,220.106.3.228
533,30,0.34,fconnechyes@prnewswire.com,Genderqueer,32.86.111.171
534,100,0.2.3,ltrendleet@scribd.com,Male,31.116.194.187
535,82,9.0,nwardleyeu@ocn.ne.jp,Female,81.39.170.43
536,8,7.6,emcguinessev@nyu.edu,Female,186.3.48.25
537,64,0.69,gshallcrassew@paginegialle.it,Male,229.105.7.237
538,16,0.7.8,llivingstoneex@mozilla.com,Genderfluid,223.205.233.217
539,90,4.2.9,kpoltuney@bing.com,Male,102.22.230.82
540,50,3.55,jfewez@nih.gov,Female,154.204.44.55
541,85,6.4.9,tcowwellf0@twitpic.com,Male,21.27.214.123
542,56,8.1,kswinglehurstf1@japanpost.jp,Bigender,180.180.40.98
543,49,1.64,jhardief2@desdev.cn,Female,139.11.209.51
544,29,1.49,mperlef3@last.fm,Polygender,131.119.240.62
545,4,0.1.9,lhendronf4@tumblr.com,Male,60.93.94.131
546,94,0.42,wdroghanf5@rakuten.co.jp,Agender,78.74.2.208
547,63,8.5,ydowntonf6@princeton.edu,Female,117.84.74.247
548,51,0.94,mgennerf7@mysql.com,Female,26.244.85.148
549,45,4.3,cungererf8@cnbc.com,Female,165.217.82.90
550,20,0.50,ltorbetf9@google.it,Male,187.233.242.167
551,91,2.8.1,glinggoodfa@nhs.uk,Female,205.131.39.31
552,95,0.37,odowglassfb@amazon.com,Female,58.71.16.95
553,72,5.18,rheinkefc@flickr.com,Male,25.236.234.250
554,62,0.94,avanlintfd@discuz.net,Male,93.148.53.128
555,35,9.7.3,gblacksellfe@mapquest.com,Male,169.134.30.254
556,69,0.65,gkezorff@upenn.edu,Female,251.93.192.222
557,2,5.69,bchittyfg@mit.edu,Female,55.121.43.54
558,38,0.93,nvanderkruisfh@walmart.com,Female,31.158.46.106
559,15,2.2.7,gproutfi@livejournal.com,Female,240.58.221.180
560,63,0.4.5,acarlonefj@apple.com,Male,202.245.104.206
561,26,2.3.2,grubinfk@cbsnews.com,Female,196.251.236.236
562,29,0.19,lcoopmanfl@auda.org.au,Female,39.196.23.172
563,51,2.31,ebalmafm@wunderground.com,Male,227.6.121.87
564,87,9.53,mmuschettefn@hubpages.com,Genderfluid,143.135.140.163
565,19,9.1,ycrossfieldfo@e-recht24.de,Female,227.15.135.103
566,23,0.21,gfairhallfp@statcounter.com,Female,95.233.161.255
567,47,5.5,ebillsberryfq@seattletimes.com,Female,188.136.194.186
568,53,3.74,pricardofr@ucla.edu,Male,179.177.253.228
569,43,0.4.4,tbiskupskifs@techcrunch.com,Female,19.218.237.138
570,79,4.6.8,bbouleft@china.com.cn,Male,227.156.73.80
571,50,0.61,rkillenfu@weather.com,Female,149.237.1.86
572,11,4.01,lhucksfv@redcross.org,Female,237.2.28.160
573,69,0.15,jmacquistfw@archive.org,Male,111.67.14.59
574,2,8.34,chinkleyfx@redcross.org,Male,248.192.242.76
575,59,6.51,mmuslimfy@nih.gov,Male,237.146.151.234
576,42,0.40,ljakubczykfz@zimbio.com,Male,215.210.141.24
577,30,6.5.6,astolworthyg0@myspace.com,Female,233.53.33.157
578,16,0.6.0,bhardbattleg1@devhub.com,Female,130.233.45.213
579,3,8.4.4,ooguzg2@who.int,Female,59.79.239.192
580,81,3.5.0,phuzzeyg3@ca.gov,Female,60.169.214.14
581,75,7.1,mchatbandg4@vinaora.com,Male,75.163.101.164
582,66,9.1.6,ojeevesg5@acquirethisname.com,Male,222.211.44.85
583,90,0.1.7,zgooderg6@aboutads.info,Male,70.130.102.247
584,96,0.4.1,rmacfaulg7@woothemes.com,Female,226.195.214.216
585,24,9.5,nlynamg8@sogou.com,Male,130.162.21.206
586,57,9.4,vshaddockg9@4shared.com,Female,250.72.94.44
587,62,0.6.5,ycaldairouga@nba.com,Female,51.150.6.45
588,9,0.2.0,ldunphygb@auda.org.au,Female,68.84.125.150
589,89,4.40,jholdgc@nsw.gov.au,Female,17.42.36.65
590,33,2.0.5,tlyonsgd@eventbrite.com,Female,195.16.58.160
591,40,0.74,hbrownswordge@printfriendly.com,Male,213.155.208.39
592,58,3.3.5,dcorhardgf@github.io,Female,212.236.25.167
593,19,0.6.6,jgroucockgg@i2i.jp,Male,236.108.107.48
594,71,1.0,tflanaghangh@ehow.com,Female,83.137.35.57
595,64,8.25,skowalikgi@sohu.com,Genderqueer,150.249.161.187
596,8,8.9.8,abohjegj@goo.ne.jp,Female,96.254.238.252
597,68,1.45,mledwithgk@cloudflare.com,Male,81.114.249.163
598,96,0.73,ceasumgl@dailymotion.com,Male,27.155.207.170
599,43,1.3.5,idowbekingm@miitbeian.gov.cn,Female,11.112.26.56
600,3,1.84,wmcrillgn@bizjournals.com,Non-binary,66.143.113.57
601,48,0.8.2,hboakgo@kickstarter.com,Male,128.186.56.87
602,61,0.51,dkahangp@tinypic.com,Female,112.93.187.150
603,62,0.2.7,tkrusegq@phpbb.com,Male,84.44.201.29
604,17,0.28,waugergr@qq.com,Male,231.252.218.142
605,83,9.90,spashleygs@a8.net,Female,195.223.219.231
606,98,8.61,iioselevgt@microsoft.com,Male,200.172.220.70
607,15,1.9.2,amongaingu@mozilla.com,Male,173.115.103.58
608,53,8.5.0,clamplughgv@weebly.com,Male,107.171.87.107
609,75,0.2.2,akimmelgw@tinyurl.com,Male,7.99.155.250
610,27,0.7.7,sbartlomieczakgx@sciencedaily.com,Male,77.24.35.158
611,87,0.1.6,cplowmangy@boston.com,Male,169.88.26.105
612,13,9.2,rwormleightongz@spotify.com,Male,24.50.14.23
613,30,2.58,ssthillh0@blogs.com,Female,120.236.77.200
614,57,0.1.7,lmulberryh1@businesswire.com,Non-binary,135.99.168.252
615,56,5.8.6,pmcginnellh2@webs.com,Female,165.67.160.37
616,93,0.9.1,vwoodsfordh3@t.co,Female,62.177.6.32
617,94,0.19,tbeckfordh4@cdbaby.com,Female,176.195.188.201
618,79,7.5,tscraseh5@washington.edu,Female,188.54.149.194
619,86,6.0,oquinnellyh6@purevolume.com,Male,19.101.229.111
620,60,8.7,tewerh7@360.cn,Male,145.97.79.248
621,48,0.4.8,bthelwllh8@wufoo.com,Male,181.112.146.99
622,15,1.89,fdranfieldh9@telegraph.co.uk,Male,26.216.70.97
623,79,4.5,hdiehnha@paypal.com,Female,193.24.241.137
624,56,0.5.4,wbrinicombehb@fastcompany.com,Female,146.196.102.100
625,81,6.31,foxtarbyhc@4shared.com,Female,231.0.193.205
626,87,3.6.9,hscafehd@cornell.edu,Female,107.95.81.73
627,32,6.4.6,lwoodstockhe@bravesites.com,Female,57.129.30.52
628,83,0.2.1,cguiethf@flickr.com,Female,205.210.235.142
629,78,0.5.6,sgogginhg@hhs.gov,Male,31.110.210.250
630,72,4.9.2,hdawidsohnhh@china.com.cn,Male,123.86.83.152
631,42,0.5.8,hcurdellhi@blog.com,Male,4.38.248.251
632,3,8.9.4,anorthcotehj@boston.com,Male,222.209.62.128
633,45,2.2,tledwardhk@hao123.com,Genderfluid,245.192.210.190
634,41,5.17,vgirlinghl@who.int,Female,123.7.127.146
635,63,9.1.2,tjanewhm@bizjournals.com,Female,155.130.44.16
636,27,0.18,bsammarshn@mail.ru,Female,91.53.108.110
637,94,1.0.9,vcatlingho@yellowpages.com,Male,97.25.208.149
638,99,9.6,egiannazzohp@bbb.org,Female,228.247.35.161
639,16,0.3.2,wmanifieldhq@shop-pro.jp,Female,55.132.23.74
640,29,0.7.6,lclareyhr@engadget.com,Male,29.40.191.105
641,89,9.34,beagellhs@jalbum.net,Male,174.160.80.15
642,70,5.7,bwyllcocksht@free.fr,Female,122.58.65.73
643,50,0.36,ttutehu@mozilla.com,Female,159.183.100.205
644,2,7.89,rlathburyhv@etsy.com,Male,134.27.129.16
645,93,7.2.7,anouryhw@google.es,Female,59.244.116.241
646,13,0.11,jjamisonhx@abc.net.au,Male,235.46.179.102
647,100,6.79,emurisonhy@drupal.org,Female,141.251.84.58
648,65,1.01,yglanesterhz@bing.com,Male,21.197.3.33
649,57,6.7.1,wrivenzoni0@github.io,Male,45.127.54.221
650,19,0.7.2,tthunnercliffei1@quantcast.com,Agender,112.105.2.65
651,8,0.63,djagielloi2@businessinsider.com,Female,143.45.235.128
652,76,2.1.8,vnewbyi3@unc.edu,Agender,154.94.66.25
653,79,0.2.3,fgolsbyi4@elpais.com,Female,15.248.91.0
654,61,1.4,kputmani5@yahoo.com,Female,174.211.155.215
655,97,0.42,ppullini6@imageshack.us,Male,23.75.96.7
656,64,5.2.1,hhaswelli7@phoca.cz,Genderfluid,166.222.231.200
657,78,3.6,tpincotti8@squarespace.com,Male,91.69.63.245
658,62,2.6.9,bcorshami9@europa.eu,Female,246.98.157.4
659,71,0.51,cfoulshamia@facebook.com,Male,131.115.187.149
660,7,0.56,faudrittib@vkontakte.ru,Female,72.58.63.57
661,44,0.72,sbilbeeic@nifty.com,Male,21.15.249.13
662,83,0.73,egosselinid@tmall.com,Male,3.11.82.56
663,36,0.34,mlaugheranie@zimbio.com,Female,162.8.82.224
664,66,0.2.7,crysomif@google.de,Female,36.148.137.38
665,26,0.9.3,rcrepinig@dedecms.com,Female,61.142.164.121
666,69,0.8.5,hjestih@umich.edu,Female,70.69.22.61
667,11,9.8.3,hfolderii@barnesandnoble.com,Male,188.63.231.179
668,19,3.6,mklineij@icq.com,Non-binary,2.3.79.204
669,50,0.89,astaintonskinnik@sun.com,Male,36.148.159.31
670,70,0.57,iseemanil@jimdo.com,Male,170.245.134.255
671,55,0.1.6,rtumbeltyim@google.nl,Male,114.94.18.240
672,39,0.30,ftatlockin@ft.com,Female,143.218.17.216
673,32,9.9.6,gcorbetio@etsy.com,Female,153.123.64.151
674,6,9.0,ccorkellip@icq.com,Male,186.12.228.245
675,86,0.88,zdalwisiq@seesaa.net,Female,216.56.171.196
676,43,0.22,hbaudinetir@fema.gov,Male,232.3.58.26
677,5,8.9.5,sspoureis@uol.com.br,Male,235.104.195.255
678,57,2.0,hbloxlandit@freewebs.com,Female,111.12.206.102
679,92,3.1.0,hwolfindaleiu@google.com.au,Male,77.117.216.119
680,31,2.03,lhellardiv@istockphoto.com,Male,123.162.216.226
681,58,0.8.7,pspiveyiw@pinterest.com,Male,97.60.217.103
682,35,9.4.8,zbassinghamix@unicef.org,Male,116.58.51.163
683,73,7.2,wsomerlediy@google.nl,Male,38.2.75.156
684,55,3.0,ahurdedgeiz@wikia.com,Female,132.217.6.112
685,41,0.3.2,caustwickj0@theatlantic.com,Female,24.200.134.7
686,79,9.1.8,ktorpiej1@eventbrite.com,Female,203.55.87.150
687,18,5.2.9,ehaymanj2@linkedin.com,Female,98.238.124.191
688,52,9.6,bmerrellj3@google.com.br,Male,57.148.168.160
689,46,0.68,tmatchettj4@typepad.com,Male,132.214.28.12
690,20,6.8,grevelj5@earthlink.net,Male,67.55.215.2
691,89,8.2,bleveragej6@washingtonpost.com,Male,7.15.140.69
692,86,3.1.0,ofiltnessj7@godaddy.com,Genderfluid,106.176.46.237
693,63,0.80,pkleinermanj8@amazonaws.com,Female,103.98.41.241
694,27,1.41,klaxsonj9@artisteer.com,Female,71.78.151.127
695,70,0.26,abaackja@hhs.gov,Female,187.176.45.63
696,87,0.28,agallichicciojb@answers.com,Polygender,178.194.230.152
697,64,0.43,ccastaignetjc@google.co.jp,Female,101.30.110.29
698,56,0.55,mburgisjd@abc.net.au,Male,219.254.117.235
699,43,9.8.4,bdeverje@columbia.edu,Male,218.101.148.38
700,22,0.1.5,cgoodisonjf@mlb.com,Female,117.221.44.71
701,66,4.97,sonolandjg@economist.com,Female,192.60.27.163
702,82,0.5.7,mrablanjh@php.net,Male,148.210.80.187
703,83,0.99,kmeldingji@mtv.com,Genderfluid,132.4.130.239
704,28,0.40,ailesjj@joomla.org,Male,200.88.142.85
705,29,4.8,wguerinjk@about.com,Female,92.23.180.50
706,47,8.6.7,rchristinjl@yandex.ru,Female,148.27.237.228
707,42,0.86,csitlintonjm@friendfeed.com,Female,88.25.149.81
708,69,3.3.0,wdillonjn@state.gov,Male,27.73.177.29
709,11,0.22,mbretonjo@1688.com,Male,138.251.23.202
710,36,6.1,emabbejp@scientificamerican.com,Male,133.237.235.105
711,65,0.50,hwestbrookjq@timesonline.co.uk,Male,95.67.131.148
712,71,2.2,sjedrzejewiczjr@cisco.com,Female,234.183.117.150
713,31,0.20,thandscombejs@statcounter.com,Female,204.177.205.145
714,74,0.6.7,hshanklejt@flickr.com,Female,251.82.141.37
715,6,4.92,eborgarsju@edublogs.org,Female,238.8.250.157
716,68,1.8,dhambrightjv@mashable.com,Male,155.31.23.139
717,97,6.3,dallsupjw@timesonline.co.uk,Female,145.7.35.159
718,77,0.7.4,pmaygerjx@clickbank.net,Female,170.20.20.248
719,78,5.9,pearngyjy@gizmodo.com,Male,239.100.185.206
720,52,9.4.2,rprobatjz@woothemes.com,Female,48.217.2.110
721,35,9.3,pdumsdayk0@boston.com,Male,49.0.6.114
722,45,0.9.0,ehymank1@ted.com,Male,172.192.238.94
723,43,9.44,tpopworthk2@i2i.jp,Agender,113.27.48.29
724,13,5.6,bheseyk3@acquirethisname.com,Male,192.135.181.160
725,1,0.13,tgowryk4@chicagotribune.com,Female,204.15.6.181
726,50,5.3.4,glethcoek5@columbia.edu,Female,15.203.40.128
727,93,7.17,lmounfieldk6@independent.co.uk,Male,236.177.25.171
728,34,3.1,amcconnellk7@dailymail.co.uk,Female,2.75.232.120
729,22,8.9,lkenwink8@mapquest.com,Genderfluid,197.99.203.130
730,91,4.3.2,cpirozzik9@alibaba.com,Male,193.162.231.255
731,81,9.9.4,dgumbyka@quantcast.com,Female,6.111.82.77
732,27,0.43,jskittkb@jalbum.net,Male,36.191.157.130
733,21,2.4.3,acollerkc@pen.io,Female,218.24.74.206
734,28,0.9.9,edibdinkd@google.fr,Female,251.117.141.117
735,59,0.79,ndarrigoeke@nsw.gov.au,Non-binary,195.55.55.92
736,49,0.12,bmatignonkf@yelp.com,Female,98.44.34.242
737,16,6.6.4,iblampiedkg@usgs.gov,Female,49.208.110.25
738,32,7.89,jdemangeotkh@admin.ch,Male,145.191.35.65
739,99,0.6.5,rkimblinki@yale.edu,Male,109.185.76.84
740,7,7.3.0,ctuveykj@youtu.be,Agender,252.160.203.5
741,47,5.6,gmacgilrewykk@hp.com,Female,122.162.53.100
742,23,4.37,crandleskl@google.fr,Male,2.94.63.208
743,14,1.13,omacknielykm@live.com,Female,102.187.81.174
744,11,7.3,gabramovicikn@usgs.gov,Female,9.170.157.172
745,34,0.5.9,atruslerko@pbs.org,Female,26.114.9.63
746,99,3.6,fchazelaskp@sitemeter.com,Non-binary,40.75.252.41
747,84,4.47,dantonazzikq@businessinsider.com,Female,81.170.54.10
748,25,9.1,tebertzkr@bing.com,Bigender,145.107.225.70
749,87,0.5.0,vjerdonks@google.ru,Female,114.39.20.30
750,30,4.4,otheseirakt@fc2.com,Male,16.35.29.49
751,45,7.44,mbenallackku@nydailynews.com,Male,21.148.164.241
752,93,0.9.2,rhumpherstonkv@51.la,Male,230.85.218.152
753,70,6.2.8,fcrepinkw@gmpg.org,Agender,182.58.196.95
754,4,4.4.8,jstockneykx@dyndns.org,Male,12.60.13.92
755,37,7.9.5,gbearcroftky@time.com,Female,249.68.14.106
756,32,0.57,lvausekz@go.com,Female,214.108.197.175
757,62,2.73,hbraghinil0@google.es,Female,34.120.77.38
758,23,6.4,lwauchopel1@joomla.org,Female,136.198.31.9
759,53,9.8.8,rsetterl2@a8.net,Female,167.159.195.197
760,12,0.14,wgoodiel3@1und1.de,Female,168.92.216.244
761,95,7.3,lrickeardl4@macromedia.com,Male,251.199.114.105
762,77,2.1,ecaddickl5@seattletimes.com,Genderfluid,37.129.254.254
763,28,2.52,glombardol6@java.com,Female,231.139.184.184
764,2,5.1.3,blochheadl7@nih.gov,Male,139.192.229.241
765,42,4.7,psnowballl8@example.com,Female,11.94.139.50
766,9,0.24,gberriballl9@i2i.jp,Male,6.4.102.34
767,15,0.1.1,cclendeningla@smh.com.au,Female,179.122.245.165
768,64,4.37,tcardenosalb@wp.com,Male,251.84.217.122
769,68,0.8.0,kmallyalc@google.nl,Female,239.78.243.60
770,78,2.76,csangold@ucla.edu,Genderqueer,231.44.17.96
771,19,7.6,ssnazelle@wikispaces.com,Female,100.225.29.254
772,100,9.2,kpedriellilf@dagondesign.com,Female,40.113.103.253
773,20,8.2,ewhebelllg@techcrunch.com,Male,99.61.254.142
774,67,0.9.7,jselcraiglh@jimdo.com,Male,187.158.49.2
775,16,8.8,llesmondeli@google.pl,Male,91.118.86.108
776,23,4.74,dribbonlj@prweb.com,Female,130.199.4.114
777,63,7.20,pcarplk@dagondesign.com,Female,24.185.185.144
778,99,4.7.4,obenedyktowiczll@earthlink.net,Male,25.88.34.229
779,34,0.16,nbartelsellislm@china.com.cn,Female,231.60.68.147
780,65,1.7,tthaxtonln@globo.com,Female,218.52.12.225
781,71,0.5.9,jbosnelllo@toplist.cz,Male,2.190.177.160
782,77,9.6.0,chefferonlp@theglobeandmail.com,Agender,104.130.195.235
783,47,0.1.6,nfrancescuzzilq@blogger.com,Female,221.101.211.51
784,97,0.7.9,cmacnultylr@gmpg.org,Male,198.16.71.50
785,75,0.8.5,kstebbinls@xrea.com,Male,155.143.87.152
786,49,9.4,ringermanlt@ebay.co.uk,Agender,54.55.61.165
787,90,1.98,fmatitiaholu@archive.org,Female,78.229.10.6
788,57,0.9.7,zwemmlv@twitpic.com,Male,201.85.54.170
789,81,4.5,npirotlw@ameblo.jp,Male,224.172.34.140
790,33,5.7.6,cludvigsenlx@mapquest.com,Female,172.70.113.152
791,85,2.2,hlythgoely@addthis.com,Male,177.118.33.164
792,2,0.42,rblouetlz@github.com,Male,156.189.18.19
793,93,3.77,adooheym0@skyrock.com,Female,108.101.92.109
794,38,0.7.2,vdevittm1@abc.net.au,Male,148.165.12.51
795,64,0.55,mtrahearnm2@howstuffworks.com,Male,94.115.146.123
796,30,8.3,amaudem3@unicef.org,Female,155.189.97.12
797,86,6.8.5,jellerbym4@opensource.org,Male,54.19.229.144
798,54,5.27,jrobbiem5@parallels.com,Male,224.233.181.141
799,37,0.7.0,fmcphillipsm6@noaa.gov,Genderfluid,127.65.214.192
800,20,0.2.2,ndowzellm7@de.vu,Male,238.52.209.158
801,5,6.8,mphizackerlym8@dailymail.co.uk,Male,67.118.146.191
802,78,0.6.2,aduiganm9@irs.gov,Genderfluid,216.159.24.74
803,29,6.9,eborerma@issuu.com,Male,204.13.93.166
804,61,0.3.5,ldennemb@seattletimes.com,Male,1.120.26.167
805,48,0.4.6,dheaslymc@chron.com,Male,219.25.128.29
806,79,8.8.5,abarajasmd@quantcast.com,Female,243.143.234.138
807,70,0.1.3,hsealandme@devhub.com,Female,209.136.106.236
808,98,0.7.6,udibdinmf@netlog.com,Male,91.103.219.119
809,42,0.59,ksarchmg@php.net,Male,160.228.156.115
810,39,2.1.8,sbesnardmh@time.com,Female,242.38.195.152
811,46,4.6.8,bwhereatmi@networksolutions.com,Female,195.146.102.213
812,69,7.8,ywhitloemj@alexa.com,Female,83.126.153.186
813,93,0.12,punwinmk@mail.ru,Male,156.219.51.234
814,24,0.1.4,acodiml@furl.net,Female,39.2.13.64
815,13,0.4.8,lsherwinmm@live.com,Male,169.184.87.34
816,77,0.44,mkiezlermn@fema.gov,Female,105.30.243.204
817,9,8.3,dmcnuttmo@vinaora.com,Female,31.177.11.252
818,47,3.3.2,creedyhoughmp@ibm.com,Female,98.246.35.217
819,91,0.1.6,wpetrollomq@seattletimes.com,Female,247.242.161.96
820,66,0.5.7,dcorlessmr@comcast.net,Female,10.249.175.171
821,25,2.64,mallwardms@cocolog-nifty.com,Female,234.14.195.39
822,50,3.3,jrottermt@economist.com,Male,8.181.81.148
823,60,9.1.0,rlismu@51.la,Male,218.96.41.235
824,99,1.4,mgettymv@un.org,Female,35.68.2.154
825,56,0.33,ndarwinmw@taobao.com,Male,2.94.95.26
826,74,8.4.5,ccurlessmx@digg.com,Male,120.74.36.135
827,53,6.71,recclesmy@reddit.com,Male,245.44.26.72
828,11,0.9.8,djoslynmz@csmonitor.com,Female,100.131.165.38
829,96,0.8.4,ihansmann0@github.io,Male,144.204.65.252
830,57,6.9.4,vkolakn1@google.co.jp,Female,193.251.192.174
831,35,2.3.0,ewattinhamn2@angelfire.com,Female,125.84.175.123
832,95,9.9.0,adeignann3@examiner.com,Female,53.230.240.170
833,1,0.44,fyoakleyn4@cmu.edu,Male,242.133.227.31
834,23,0.41,mhartwelln5@phoca.cz,Female,15.2.53.209
835,89,7.3.4,twassungn6@163.com,Female,40.87.139.82
836,8,0.9.9,wgendrichn7@tuttocitta.it,Male,64.184.72.23
837,4,3.1.5,iliddonn8@fotki.com,Male,127.180.94.194
838,66,0.84,rkopelmann9@theatlantic.com,Female,142.72.107.187
839,63,0.58,klohdena@bloomberg.com,Female,100.17.166.205
840,83,7.09,aberricknb@icq.com,Male,120.187.189.171
841,36,6.5,pdaddsnc@webeden.co.uk,Male,141.82.74.55
842,6,7.3,npiriend@tinypic.com,Male,234.41.80.238
843,79,0.7.2,ndevannyne@nytimes.com,Non-binary,15.23.196.249
844,55,3.6,zmurrigansnf@spiegel.de,Male,5.105.88.41
845,72,6.6,teltonng@goodreads.com,Female,1.219.77.46
846,38,0.7.9,ledmonstonenh@samsung.com,Male,126.168.117.166
847,70,0.9.7,ageldeardni@xrea.com,Male,121.16.248.17
848,64,0.6.2,blalondenj@so-net.ne.jp,Polygender,5.195.211.222
849,21,0.4.7,kbartnk@harvard.edu,Non-binary,131.94.222.253
850,87,3.7.6,aokerinnl@wikia.com,Male,16.159.83.99
851,43,6.2.0,mattleenm@wufoo.com,Female,202.179.57.139
852,16,0.1.6,wpottnn@china.com.cn,Female,133.80.25.80
853,9,5.8.3,vkubicano@apache.org,Male,113.221.48.1
854,44,0.35,ofarlhamnp@un.org,Polygender,76.117.96.224
855,30,7.3,mruvelnq@photobucket.com,Female,96.95.8.76
856,19,0.1.9,dpringernr@yellowpages.com,Female,251.22.249.72
857,61,3.08,gmagnens@theglobeandmail.com,Male,171.159.85.218
858,42,0.3.2,mduffreent@nyu.edu,Male,51.88.21.220
859,81,6.15,bcroomnu@blogspot.com,Genderqueer,125.130.45.204
860,85,0.38,wdruettnv@cdc.gov,Male,48.240.75.167
861,65,0.28,imintonw@businessweek.com,Male,59.20.129.76
862,60,0.4.6,rmotherwellnx@bbb.org,Male,185.175.235.136
863,3,7.7.7,ydagnallny@nytimes.com,Male,128.182.48.221
864,74,3.5,gjerminnz@indiatimes.com,Female,31.178.183.89
865,18,0.1.9,mgreeningo0@msn.com,Female,167.18.85.175
866,13,0.4.7,dlimero1@nydailynews.com,Male,204.250.217.246
867,5,7.60,rvelldeno2@indiatimes.com,Male,25.239.209.116
868,54,0.4.8,sresuno3@kickstarter.com,Female,239.58.233.247
869,23,4.1,awhatsono4@jalbum.net,Female,225.14.62.202
870,32,5.6,jfratczako5@pagesperso-orange.fr,Male,45.151.68.38
871,100,7.6.8,oconeyo6@symantec.com,Female,79.154.244.4
872,27,4.25,ereddello7@ucla.edu,Female,83.247.217.34
873,74,0.32,hgarretto8@skyrock.com,Female,204.78.132.190
874,6,4.93,gplewrighto9@dyndns.org,Female,87.226.190.136
875,14,1.71,slissamanoa@amazon.co.jp,Male,206.5.180.15
876,90,4.1,tresdaleob@arstechnica.com,Female,64.191.218.125
877,45,0.15,asonesoc@mail.ru,Male,158.35.82.30
878,36,5.87,acorriganod@wsj.com,Male,164.189.111.149
879,57,1.8.8,csemoroe@flavors.me,Genderfluid,240.76.213.152
880,80,5.6.0,mheinonenof@phoca.cz,Female,101.155.35.86
881,70,3.5,nbenadetteog@house.gov,Male,20.255.248.39
882,22,5.2.4,lfeatherstonoh@hc360.com,Male,67.132.131.126
883,88,7.6.3,abuckleyoi@europa.eu,Female,10.55.79.218
884,47,5.2,gernioj@comsenz.com,Female,121.139.27.166
885,17,0.61,csalvinok@angelfire.com,Polygender,243.184.40.18
886,26,0.75,bsimkovichol@sciencedaily.com,Female,82.238.216.105
887,81,6.5.8,psailsom@nifty.com,Non-binary,159.106.209.193
888,24,3.34,rleamyon@slate.com,Female,87.215.82.106
889,67,8.5,cnisiusoo@jimdo.com,Male,53.77.82.94
890,84,0.84,bpaulmannop@ustream.tv,Female,136.14.103.168
891,85,0.8.4,mabbieoq@hhs.gov,Genderqueer,60.82.160.184
892,29,0.1.0,mdingleyor@phoca.cz,Genderqueer,80.67.8.50
893,42,9.1.2,equippos@blog.com,Male,166.135.226.111
894,93,1.1,mnetleyot@apache.org,Male,15.122.226.66
895,16,0.8.7,lgarradou@accuweather.com,Female,58.57.138.66
896,28,0.91,ntrumanov@earthlink.net,Male,165.172.242.245
897,91,0.9.1,ltitcomow@eventbrite.com,Male,59.216.215.213
898,87,5.4.3,mleveyox@tiny.cc,Genderqueer,8.114.137.159
899,25,0.30,hmelchioroy@clickbank.net,Female,145.128.66.224
900,59,8.21,averneroz@mashable.com,Male,23.158.238.119
901,87,6.1,iandrollip0@berkeley.edu,Male,97.57.139.117
902,66,1.0,brubinchikp1@spiegel.de,Male,41.122.80.5
903,8,6.2.4,rdemullettp2@abc.net.au,Bigender,157.30.142.219
904,58,0.97,pvasilyonokp3@timesonline.co.uk,Female,137.192.236.79
905,79,5.0.2,sdimitrescop4@alibaba.com,Male,40.5.146.14
906,75,0.7.1,hrickertp5@eventbrite.com,Female,220.113.225.165
907,62,8.81,ovignalp6@youtube.com,Male,42.12.1.116
908,94,0.6.8,farnoppp7@altervista.org,Genderfluid,59.41.210.87
909,80,1.2.8,wsuchp8@shinystat.com,Female,75.93.117.231
910,36,2.3,fthibodeauxp9@mayoclinic.com,Female,52.24.34.188
911,82,0.62,ckobischpa@miitbeian.gov.cn,Male,51.38.44.68
912,29,5.4.1,cdashkovichpb@hatena.ne.jp,Male,216.86.74.223
913,91,0.3.1,ocoggerpc@bing.com,Non-binary,129.206.138.13
914,11,2.7,yortigapd@wikimedia.org,Genderfluid,7.22.191.62
915,35,5.5.2,gvelldenpe@friendfeed.com,Male,73.124.111.247
916,55,6.2,keudallpf@pinterest.com,Agender,12.237.120.170
917,76,0.18,tmacpikepg@wordpress.com,Female,205.112.126.29
918,31,5.6.7,hbellwardph@pagesperso-orange.fr,Male,83.185.223.223
919,44,0.92,spikenpi@woothemes.com,Female,239.231.36.76
920,9,3.96,jarmsteadpj@nasa.gov,Male,116.152.43.242
921,43,0.1.2,ssandiferpk@ning.com,Female,127.72.6.109
922,98,4.8,dkittmanpl@whitehouse.gov,Female,32.230.253.179
923,71,6.5,creillypm@digg.com,Male,36.99.168.118
924,86,0.1.2,vvasilevichpn@bbc.co.uk,Male,171.187.66.36
925,99,0.14,tpuckinghornepo@github.com,Male,139.159.156.252
926,24,0.86,rriggpp@bloglines.com,Female,117.76.83.220
927,19,1.3,bebbuttpq@amazon.co.jp,Male,117.10.94.92
928,53,8.7.5,wstansfieldpr@webeden.co.uk,Male,4.147.7.41
929,17,3.5.1,glilesps@sitemeter.com,Female,180.20.250.105
930,68,6.6,papspt@ucla.edu,Male,52.216.230.122
931,21,1.4.0,fclemencetpu@unblog.fr,Female,87.111.209.244
932,96,8.5,eblundelpv@soup.io,Female,4.225.182.111
933,46,3.4.7,bmedfordpw@dagondesign.com,Female,156.4.106.16
934,47,9.28,apalfreypx@nih.gov,Female,230.94.246.37
935,19,0.50,cstarbuckpy@discovery.com,Male,202.183.172.112
936,9,1.13,sfisbypz@e-recht24.de,Male,108.35.205.76
937,62,7.1,gtortisq0@engadget.com,Female,27.254.252.192
938,42,0.6.3,brodolpheq1@weather.com,Male,127.21.142.237
939,1,4.20,adohmannq2@cnn.com,Genderfluid,241.48.87.15
940,12,4.53,hchristianq3@geocities.jp,Genderfluid,250.242.210.157
941,24,0.45,pborgeq4@wikimedia.org,Female,28.95.38.84
942,97,3.28,jullockq5@berkeley.edu,Male,23.243.236.204
943,78,0.20,awoolensq6@ifeng.com,Male,250.83.32.201
944,74,6.6.6,kbroinlichq7@discuz.net,Female,245.57.66.54
945,55,0.12,sbalbeckq8@pinterest.com,Female,168.32.76.178
946,26,0.87,shaironq9@live.com,Male,21.167.204.241
947,17,7.4.7,volneyqa@scientificamerican.com,Male,167.98.59.202
948,98,8.41,pbolmannqb@state.tx.us,Male,177.52.239.248
949,59,7.2,khendrichsqc@plala.or.jp,Female,111.12.130.29
950,38,0.92,chercockqd@yahoo.co.jp,Agender,196.178.248.27
951,39,3.10,alangwadeqe@engadget.com,Male,137.158.236.143
952,61,0.1.6,gbickerdykeqf@earthlink.net,Male,155.102.131.244
953,64,0.18,alyddiattqg@yale.edu,Female,231.206.208.191
954,4,0.74,fsaladinqh@mlb.com,Female,200.215.46.74
955,16,0.10,hpegramqi@businesswire.com,Female,5.117.36.207
956,58,6.54,ecapleqj@nymag.com,Male,63.205.220.209
957,18,4.7,wwalshawqk@yellowbook.com,Female,17.164.59.92
958,34,0.8.5,trosasql@joomla.org,Female,249.239.251.210
959,83,0.5.1,ncubbinelliqm@google.cn,Male,130.113.171.76
960,48,7.2,pmasdenqn@gizmodo.com,Bigender,194.92.68.86
961,31,4.3.9,jgaganqo@zimbio.com,Female,111.110.88.69
962,19,1.4.9,emoorsqp@g.co,Male,141.228.128.193
963,38,0.93,bruprechtqq@github.com,Female,244.146.140.210
964,1,0.14,ccasperqr@spotify.com,Male,49.26.57.89
965,61,7.1.4,vdenleyqs@histats.com,Female,120.194.135.253
966,86,1.9,rfishwickqt@state.gov,Male,127.0.18.254
967,60,4.4,acyphusqu@squidoo.com,Male,12.190.17.39
968,41,8.7,mdonkeqv@virginia.edu,Non-binary,230.159.93.197
969,89,2.10,dhawkwoodqw@virginia.edu,Female,61.204.138.46
970,4,0.76,hmacelaneqx@microsoft.com,Male,241.150.208.14
971,29,5.18,wgirardotqy@ovh.net,Male,143.224.65.64
972,2,4.2.1,twillischqz@unblog.fr,Non-binary,92.229.34.248
973,79,2.2.9,mcrangler0@slate.com,Non-binary,37.127.136.210
974,65,1.4.0,zreucastler1@nytimes.com,Male,22.40.152.55
975,50,1.48,rmcgilmartinr2@netlog.com,Female,162.47.92.108
976,44,0.8.3,bpetrenr3@statcounter.com,Male,172.11.64.199
977,77,8.7,mjozefr4@tripod.com,Male,148.1.117.93
978,59,1.2.5,omacyr5@phoca.cz,Genderqueer,232.13.52.94
979,20,5.1,sbrouwerr6@godaddy.com,Male,68.86.141.201
980,13,9.1.2,sdohmerr7@cafepress.com,Female,207.43.222.83
981,73,9.1.1,wbruckmannr8@merriam-webster.com,Female,92.11.59.39
982,46,5.63,mnaptinr9@a8.net,Female,26.91.212.203
983,35,6.3,cflasbyra@mayoclinic.com,Female,20.82.159.226
984,88,0.95,gpentecostrb@arizona.edu,Female,158.9.171.147
985,91,7.33,mileyrc@intel.com,Female,222.191.4.57
986,63,9.23,bcuppittrd@topsy.com,Male,146.161.190.48
987,14,0.11,fpetrichatre@ted.com,Female,208.251.231.146
988,58,6.3.3,tgolduprf@reference.com,Male,101.196.138.165
989,31,3.2,llintottrg@dyndns.org,Male,117.12.156.157
990,15,7.48,mpeppettrh@bizjournals.com,Male,229.155.222.57
991,69,1.5,gtitherri@sciencedirect.com,Female,255.3.227.146
992,7,0.41,sjurgensonrj@miibeian.gov.cn,Male,247.58.140.131
993,48,2.6.0,sponcefordrk@shareasale.com,Female,1.128.87.125
994,85,5.19,tdelacosterl@qq.com,Male,254.230.107.128
995,67,0.8.1,kcranstonrm@instagram.com,Female,242.195.218.49
996,37,9.9,hmackenneyrn@prweb.com,Male,196.214.100.20
997,34,3.7,mfawcusro@ft.com,Female,32.96.95.95
998,36,0.7.1,jgraverrp@forbes.com,Female,203.220.76.57
999,74,7.2.0,lkennellyrq@networksolutions.com,Genderqueer,12.147.232.97
1000,56,2.4.0,nrealyrr@altervista.org,Female,64.1.118.189
